1,Valentin,Quevy,vq@gmail.com,sha256$LbUE7S3pkypJXIdB$0a8a677fe64c36299f6e6180b7a148a53094918262bb483e94d0db260592188e
2,Kurt,Somers,ks@gmail.com,sha256$g2pWmahTU8evT8Pi$559dad3bca0b54d476a3df6bd7b97c0239f644ac8f585944ee00f2a480cc2c45
3,Sarrah,Fihri,sf@gmail.com,sha256$bADnytEJI9GBjiYA$46781459e0a6942e2b3d0fc9a80745dade55a8af1da0e9aa94ebb702de695ea4
4,Tom,Godden,tg@gmail.com,sha256$Grfi0Tx8qladCdiM$f9966d6af6cf3a8678b2054b4f37e0ffa569d57610309ce1abea8c63a291552d
5,Jarne,Plas,jp@gmail.com,sha256$jUq0OBVN8LvqEvsd$07a6c1d72ae53ad29f286ad5f07c3ef6fb459f0c2ada1eb7c989c17a642600c7
6,Tim,Wouters,tw@gmail.com,sha256$z4wU2Pp7ZPKRlk2a$33f7315ac7866190aca4ba1505a3e1f961f6775b081839fd0377456b77ce36dd
7,Fred,Coppens,fc@gmail.com,sha256$CWxSJV34pN11pL7i$700cf38800a1c9baf1d9cc519b396a0520379733b95ddffc5602e2258aecb2ca
8,Peter,De Winne,pdw@gmail.com,sha256$Qq5GRPioDuW1xgjv$46aaea53b254e00bf795e2d37314627df995ce6f94c8a589c09c9ee879ffebef
9,Ayoub,Ayad,aa@gmail.com,sha256$0MVALKuXpzvirgOX$0d5f1ef7dde60863e31d8b02054c01c438c18dece76d11a60798ad3b90e474bb
10,Karel,Elegast,ke@gmail.com,sha256$2mOcMm5C9WSW2zPi$5864d2434c60dd51aa76659fd13b321d3113871d4ddab4d0ad04c410b421dd81
11,Plop,Perdeplop,pp@gmail.com,sha256$wgXxFieM47msWgGX$1f54257a1a48cf82abe2ce2668d1c38e83fdc6e99a338a158340fc4c02caa8cd
12,Michiel,Windrickx,mw@gmail.com,sha256$pJp2hrfDeS7bumhH$28d509a222c98022889f40c5287afa4e6738c997b0e76c6a72be7b6235b16ff2
99,Barack,Obama,bo@gmail.com,sha256$1qur4z4WppaBU5x8$e551610a99c103bbdbf77c3186ee7855a5d949ff11297e65a98969446380389f